tytul_pl,rok,sekcja,reżyseria,scenariusz,zdjęcia,montaż,muzyka,dźwięk,producent,kostiumy,scenografia,charakteryzacja,pierwsza_w_obsadzie,plec_pierwszej
9 świątyń w drodze do nieba,2026,Międzynarodowy Konkurs Nowe Horyzonty,?,?,M,?,,?,?,,,,Amara Ramnarong,
Barrio triste,2025,Międzynarodowy Konkurs Nowe Horyzonty,M,M,M,?,K,?,?,K,?,,Juan Pablo Baena,
Dryfy,2025,Międzynarodowy Konkurs Nowe Horyzonty,K,K,M,M,,?,?,?,?,?,Isabel Aimé González-Sola,
Everytime,2026,Międzynarodowy Konkurs Nowe Horyzonty,K,K,M,M,?,,?,K,?,,Birgit Minichmayr,K
Gradiva,2026,Międzynarodowy Konkurs Nowe Horyzonty,K,?,?,?,,,?,,?,?,Colas Quignard,
Miejsca obiecane,2026,Międzynarodowy Konkurs Nowe Horyzonty,M,KM,?,M,,,?,,,,Vollak Kong,
Pewnego razu w Harlemie,2026,Międzynarodowy Konkurs Nowe Horyzonty,?,?,?,?,K,?,?,,,,Arna Bontemps,M
Pokaz laureata Grand Prix Międzynarodowego Konkursu Nowe Horyzonty,,Międzynarodowy Konkurs Nowe Horyzonty,,,,,,,,,,,,
Pokaz laureata Nagrody Publiczności w Międzynarodowym Konkursie Nowe Horyzonty,,Międzynarodowy Konkurs Nowe Horyzonty,,,,,,,,,,,,
Spadający liść,2025,Międzynarodowy Konkurs Nowe Horyzonty,M,M,M,M,?,?,?,,,,Giorgi Bochorishvili,
The Meltdown,2026,Międzynarodowy Konkurs Nowe Horyzonty,K,K,M,M,K,?,KM,?,?,,Maya O'Rourke,
"Włosy, papier, woda...",2025,Międzynarodowy Konkurs Nowe Horyzonty,?,?,?,M,M,,?,,,,Thi Hau Cao,
Zawiany las,2026,Międzynarodowy Konkurs Nowe Horyzonty,K,K,?,?,,?,?,,,,Salomé Richard,K
Źródło życia,2026,Międzynarodowy Konkurs Nowe Horyzonty,M,M,M,M,M,?,?,,,,Anna Geislerová,K
Czarna kula,2026,Pokazy Galowe,M,M,K,M,M,,?,?,?,,Penélope Cruz,K
Człowiek epoki,2026,Pokazy Galowe,M,KM,M,M,,?,?,?,K,?,Swann Arlaud,M
Daleko od brzegu,2026,Pokazy Galowe,M,M,M,M,,M,?,?,,?,Juliette Binoche,K
EXOTIC,2026,Pokazy Galowe,?,?,?,?,?,?,?,?,?,?,Jaśmina Polak,
Fiord,2026,Pokazy Galowe,M,M,M,M,M,,KM,?,?,?,Renate Reinsve,
Gentle Monster,2026,Pokazy Galowe,K,K,K,K,,,KM,,,,Léa Seydoux,K
Gorzkie święta,2026,Pokazy Galowe,M,M,M,K,M,,M,?,M,,Bárbara Lennie,
Hot Spot,2026,Pokazy Galowe,K,M,M,K,?,?,?,?,,?,Noomi Rapace,K
Josephine,2026,Pokazy Galowe,K,K,K,KM,?,?,?,,?,,Channing Tatum,M
Karuzela,2026,Pokazy Galowe,K,K,M,?,M,,?,?,?,,Chris Pine,M
Ktoś we mnie,2026,Pokazy Galowe,M,?,M,M,?,,?,?,?,,Léa Seydoux,K
Natura miłości,2026,Pokazy Galowe,M,KM,M,M,M,,?,?,?,,Javier Bardem,M
Niespodziewane,2026,Pokazy Galowe,M,?,?,?,M,,?,?,?,?,Virginie Efira,K
Ocalenie,2026,Pokazy Galowe,M,M,M,M,M,,M,?,?,?,Caner Cindoruk,M
Papierowy tygrys,2026,Pokazy Galowe,M,M,M,?,?,,?,?,?,,Adam Driver,M
"Powiedz mi, co czujesz",2026,Pokazy Galowe,M,?,?,K,?,?,?,?,K,?,Jan Sałasiński,
Róża,2026,Pokazy Galowe,M,M,M,M,?,,?,?,?,?,Sandra Hüller,K
Tchórz,2026,Pokazy Galowe,M,M,M,M,M,,?,?,M,,Valentin Campagne,
Żółte listy,2026,Pokazy Galowe,M,KM,K,K,M,,M,?,?,?,Özgü Namal,K
Cała reszta to szum,2026,"Mistrzynie, Mistrzowie",M,?,M,M,?,?,?,,,,Teresita Sánchez,
Czerwone skały,2026,"Mistrzynie, Mistrzowie",M,M,?,M,?,?,?,?,,,Kaylon Lancel,
Dziennik panny służącej,2026,"Mistrzynie, Mistrzowie",M,M,M,M,,?,M,?,?,?,Ana Dumitrașcu,
"Dzień, w którym ona wraca",2026,"Mistrzynie, Mistrzowie",M,M,M,M,,M,M,,,,Song Sunmi,
Historie równoległe,2026,"Mistrzynie, Mistrzowie",M,?,M,K,M,,M,?,?,,Isabelle Huppert,K
Joanna d’Arc,2025,"Mistrzynie, Mistrzowie",M,M,M,M,,,KM,,?,,Ída Mekkín Hlynsdóttir,
Krwawa Hrabina,2026,"Mistrzynie, Mistrzowie",K,K,M,K,,,KM,?,?,?,Isabelle Huppert,K
La Perra,2026,"Mistrzynie, Mistrzowie",K,K,?,?,M,?,?,?,?,,Manuela Oyarzún,
"Mężczyzna, którego kocham",2026,"Mistrzynie, Mistrzowie",M,M,K,M,,,?,?,,,Rami Malek,M
Moja żona płacze,2026,"Mistrzynie, Mistrzowie",K,K,M,K,,?,M,?,?,?,Vladimir Vulević,M
Nasza ziemia,2025,"Mistrzynie, Mistrzowie",K,K,M,?,?,?,,,,,społeczność Chuchagasta / Chuchagasta Community,
Ostatni konsjerż,2025,"Mistrzynie, Mistrzowie",M,?,M,?,,?,?,?,,,Willem Dafoe,M
Podwójna wolność,2026,"Mistrzynie, Mistrzowie",M,M,M,?,M,,?,,?,,Catalina Saavedra,
Powrót do domu,2025,"Mistrzynie, Mistrzowie",M,M,M,?,,,,,,,Anong Houngheuangsy,
Róża z Nevady,2025,"Mistrzynie, Mistrzowie",M,M,M,M,M,?,?,?,?,,George MacKay,M
"Soumsoum, gwiezdna noc",2026,"Mistrzynie, Mistrzowie",M,M,?,K,?,?,?,?,,?,Maïmouna Miawama,K
Widzę budynki upadające niczym błyskawice,2026,"Mistrzynie, Mistrzowie",K,M,M,K,M,M,?,M,?,,Anthony Boyle,M
Życie snem,2026,"Mistrzynie, Mistrzowie",K,?,M,K,,,KM,?,?,,Yana Radeva,
Ben’imana,2026,Fale,K,?,M,K,?,?,K,,?,?,Kesia Kelly Nishimwe,
Dao,2026,Fale,M,M,?,?,?,?,KM,,?,,Katy Correa,K
"Dwie pory roku, dwoje nieznajomych",2025,Fale,M,M,M,K,?,,M,,?,,Eun Kyung Shim,
Jezioro,2025,Fale,M,M,M,?,,,M,?,,,Clotilde Courau,K
Kiedy zimową nocą,2025,Fale,M,K,M,?,,,?,?,?,,Bhanu Priyamvada,
Kura,2025,Fale,M,KM,M,K,?,,?,,,,Yannis Kokiasmenos,M
Między marzeniem i nadzieją,2025,Fale,K,K,M,K,,?,?,,?,,Fereshteh Hosseini,
Muchy,2026,Fale,M,?,K,?,,?,KM,?,?,?,Teresita Sánchez,
Najsamotniejszy człowiek w mieście,2026,Fale,KM,K,M,K,?,,KM,,?,,Alois Koch,
Nawet Bóg nie pomoże,2025,Fale,K,K,?,?,?,?,K,?,,,Manuela Martelli,K
Rola drugoplanowa,2026,Fale,K,K,M,?,M,,?,?,?,?,Dato Bakhtadze,
Szepty w maju,2026,Fale,?,?,?,?,M,,?,,,,Mathxiemop Atnyop,
Wstyd i pieniądze,2026,Fale,M,KM,M,K,M,,KM,,?,?,Astrit Kabashi,
Wszyscy zakochani nocą,2026,Fale,K,?,M,?,M,?,?,,?,,Yukino Kishii,
Za zwycięstwo!,2025,Fale,M,M,?,M,?,?,?,?,M,,Valentyn Vasyanovych,M
Biały ślimak,2025,Odkrycia,KM,KM,?,M,M,,KM,?,?,?,Marya Imbro,
Clarissa,2026,Odkrycia,M,M,?,?,?,,?,?,?,,Sophie Okonedo,K
Cyklon,2026,Odkrycia,M,?,?,?,?,,?,?,?,,Yuqiao Liu,
Czarna godzina,2026,Odkrycia,M,M,?,?,K,,M,?,,,Helka Rząsa,
"Dni, których nie znamy",2026,Odkrycia,K,K,?,?,K,,?,?,?,,Wiesława Wieczorek,
Flesh and Fuel,2026,Odkrycia,M,?,?,M,M,?,?,,,,Alexis Manenti,M
Kroniki oblężenia,2026,Odkrycia,M,M,M,M,,?,?,,,,Nadeem Rimawi,M
Lionel,2025,Odkrycia,?,?,?,K,?,,?,?,K,,Lionel Corral Bernal,
Modlitwa za umierających,2026,Odkrycia,?,?,K,M,K,,K,?,?,?,Johnny Flynn,M
Moja semba,2026,Odkrycia,?,?,M,K,?,?,M,,?,,Euclides Teixeira,
Pieśni zapomnianych drzew,2025,Odkrycia,K,K,?,?,?,?,?,?,?,,Naaz Shaikh,
Przygotowania do rewolucji,2026,Odkrycia,K,KM,?,M,?,?,M,,,,,
Rzeczny pociąg,2026,Odkrycia,M,M,?,?,?,?,?,?,?,,Milo Barria,
Sześć miesięcy w różowym i niebieskim budynku,2026,Odkrycia,M,M,?,?,?,?,?,,,,Eduardo Ayala,
Urlop bezpłatny,2025,Odkrycia,K,K,?,KM,?,,M,,,,,
W czerwcu mnie nie będzie,2026,Odkrycia,K,K,?,?,?,?,?,,,,Naomi Cosma,
Wariacja na temat,2026,Odkrycia,?,?,?,?,?,M,?,,?,,Hettie Farmer,
Wczoraj nikt nie zmrużył oka,2026,Odkrycia,?,?,?,?,?,,?,,,,Rim Al Mawla,
Błękitny brzeg,2026,Smart 7,K,K,?,?,?,?,?,?,?,?,Mihaela Subțirică,
Cena zwycięstwa,2025,Smart 7,M,M,?,M,?,,?,?,?,?,Mort Klonaraki,
Gość,2025,Smart 7,M,KM,M,M,,,?,?,?,?,Darius Šilėnas,
Linie przerywane,2025,Smart 7,K,K,?,?,?,,?,?,?,?,Mara Sánchez,
Nie ma duchów w mieszkaniu na Dobrej,2025,Smart 7,?,,,,,,,,,,,
Ognie,2025,Smart 7,K,KM,M,?,M,,KM,?,?,?,Vigdís Hrefna Pálsdóttir,
Wieczny płomień,2025,Smart 7,?,?,?,?,,?,?,?,,?,Henrique Gil,
Aspen,1991,Pokazy Specjalne,M,M,M,M,,,M,,,,John Denver,M
Fucha,1982,Pokazy Specjalne,M,M,M,M,M,,M,?,?,?,Jeremy Irons,M
Fukushima z Bélą Tarrem,2024,Pokazy Specjalne,K,K,K,K,,,,,,,Béla Tarr,M
Indie Zachodnie,1979,Pokazy Specjalne,M,M,M,?,?,,M,?,?,?,Cyril Aventurin,
Kino Muranów,2025,Pokazy Specjalne,K,K,M,?,M,,?,,,,,
"Lech Janerka – śpij, śpij, inteligencie",2025,Pokazy Specjalne,?,?,M,?,M,,?,,,,Lech Janerka,M
Lola Montès,1955,Pokazy Specjalne,M,KM,M,KM,M,,M,?,?,,Martine Carol,K
Mała mama,2021,Pokazy Specjalne,K,K,K,M,M,,?,K,?,?,Joséphine Sanz,K
Memoria,2021,Pokazy Specjalne,M,M,M,M,M,,KM,?,?,?,Tilda Swinton,K
Metamorfoza ptaków,2020,Pokazy Specjalne,K,K,?,?,?,,?,,,?,Manuel Rosa,M
Na spalonym,2006,Pokazy Specjalne,M,M,?,M,?,,M,,?,?,Shima Mobarak-Shahi,
Nagi pocałunek,1964,Pokazy Specjalne,M,M,M,M,,,M,,,?,Constance Towers,K
Nowa fala,2025,Pokazy Specjalne,M,?,M,K,,?,KM,?,?,,Guillaume Marbeck,M
Powwow People,2025,Pokazy Specjalne,M,M,?,M,,,?,,,,Gina Bluebird,
"R21, czyli odrestaurowanie solidarności",2022,Pokazy Specjalne,M,KM,?,?,,?,M,,,,,
Sen dłuższy niż noc,1976,Pokazy Specjalne,K,K,M,?,M,?,?,K,K,,Laura Duke Condominas,K
Światło,1976,Pokazy Specjalne,K,K,M,M,M,,?,?,,?,Jeanne Moreau,K
To Dance Is to Resist,2026,Pokazy Specjalne,?,?,?,?,,,?,,,,Vol'demar Kabus,
Zestaw Alego Cherriego,,Pokazy Specjalne,M,M,M,M,K,,?,?,?,?,Halil Ersev Gökçek,
Błogosławieni niszczyciele,2025,Front Wizualny,?,,,,,,,,,,,
Bouchra,2025,Front Wizualny,?,?,?,?,?,,?,?,?,,Meriem Bennani,
Chronovisor,2026,Front Wizualny,?,?,?,?,M,,?,,?,,Anne Laure Sellier,
Ciało do życia,2025,Front Wizualny,M,M,?,KM,,K,?,,,,Ron Athey,M
Ciało Teresy,2026,Front Wizualny,K,K,?,?,,?,?,,,,Teresa Chmielewska,
Levers,2025,Front Wizualny,K,K,?,K,K,,?,,?,,Val Vint,
MACDO,2025,Front Wizualny,?,?,?,?,,?,?,?,,?,Alicia Campillo Salinas,
Pory roku,2025,Front Wizualny,K,K,?,KM,?,,KM,?,,,Simão Ramalho,
Reduta,2025,Front Wizualny,M,?,K,M,?,,KM,?,?,?,Denis Lavant,M
Widzenie Peryferyjne - zestaw,,Front Wizualny,?,?,?,?,?,?,M,,,,Marta Rees,
Wolfgang,2026,Front Wizualny,?,?,?,?,?,?,?,,?,,Ghazal Shojaei,
Złudzenie,2025,Front Wizualny,?,?,?,?,,?,?,,?,,Moon Guo Barker,
Allegro Pastell,2026,Trzecie Oko: Klub Złamanych Serc,K,M,M,M,M,,?,?,?,?,Sylvaine Faligant,K
Aro berria,2025,Trzecie Oko: Klub Złamanych Serc,K,K,M,?,?,,?,?,,,Maite Muguerza Ronse,
Fantazja,2025,Trzecie Oko: Klub Złamanych Serc,?,?,?,?,,?,?,,,,,
MAG MAG,2025,Trzecie Oko: Klub Złamanych Serc,?,M,?,?,?,,?,,,,Mai Fukagawa,
Motyl,2026,Trzecie Oko: Klub Złamanych Serc,K,K,M,K,M,?,K,,?,,Renate Reinsve,
Na zawsze twoja matczyna istota,2026,Trzecie Oko: Klub Złamanych Serc,K,K,M,?,,,M,,?,,Reinaldo Amien,
Nagły przebłysk słodyczy,2026,Trzecie Oko: Klub Złamanych Serc,?,?,?,?,?,,K,,,,,
Piękny i schludny pokój,2025,Trzecie Oko: Klub Złamanych Serc,K,KM,?,K,?,?,K,?,?,,Charlotte Aubin,
Prawdziwie nadzy,2026,Trzecie Oko: Klub Złamanych Serc,K,K,K,M,M,?,K,?,?,?,Caolán O'Gorman,
Shana,2026,Trzecie Oko: Klub Złamanych Serc,K,KM,M,?,,?,M,,?,,Eva Huault,
Dziecko nocy,2026,Nocne Szaleństwo,K,KM,M,M,M,,?,?,?,?,Seidi Haarla,K
Gatunek wybuchowy,2026,Nocne Szaleństwo,?,?,M,K,?,,?,,?,?,Alexis Manenti,M
Gorgona,2025,Nocne Szaleństwo,K,K,M,?,?,,?,?,?,?,Melissanthi Mahut,
Leviticus,2026,Nocne Szaleństwo,M,M,M,M,M,,K,?,?,?,Joe Bird,
Lewitując,2026,Nocne Szaleństwo,M,?,M,M,?,,KM,?,,?,Angga Yunanda,
Niech żyją nam,2026,Nocne Szaleństwo,K,K,M,M,?,?,?,?,?,,Hafsia Herzi,K
Proste koło,2025,Nocne Szaleństwo,?,?,?,?,?,,?,?,?,,Luke Tittensor,M
Sacharyna,2026,Nocne Szaleństwo,K,K,M,M,K,,K,?,?,?,Midori Francis,
Twierdza cnoty,1973,Nocne Szaleństwo,M,M,M,?,M,,K,M,K,?,Claudio Brook,M
Victorian Psycho,2026,Nocne Szaleństwo,M,K,M,?,?,,?,?,M,,Maika Monroe,K
Carcasse,2017,Lost Lost Lost,?,?,?,?,,?,?,,,,,
"Jeśli się przewrócę, nie podnoś mnie",2024,Lost Lost Lost,?,?,?,?,?,?,?,,,,Walter D. Asmus,
Natura,2023,Lost Lost Lost,M,M,M,M,?,?,M,,M,,Asko Lintunen,
Noc się dłuży,2023,Lost Lost Lost,?,?,?,M,,?,?,,,,Anna Cohen-Yanay,
Nocny spacer,2023,Lost Lost Lost,?,?,?,?,,?,?,,,,,
Otwarte niebo,2023,Lost Lost Lost,M,M,?,?,?,?,?,,?,,Dionicio Huaraccallo Idme,
Smuga cieni,1997,Lost Lost Lost,M,M,M,?,M,,M,?,K,,Juliette Gautier,
Zatoka,2021,Lost Lost Lost,M,?,?,?,?,?,M,,,,Evando Herminio da Silva,
7 spacerów z Markiem Brownem,2024,Garden Party,M,M,?,M,,,?,,,,Mark Brown,M
Central Park,1990,Garden Party,M,M,M,M,?,,M,,,,LeVar Burton,M
Cud kwiatów,1926,Garden Party,M,M,,,,,,?,,,Elisabeth Grube,K
Dzikie rośliny,2016,Garden Party,M,M,K,K,M,,K,,,,,
Filipiñana,2026,Garden Party,M,M,K,M,,M,?,?,?,,Jorrybell Agoto,
Komety,2019,Garden Party,K,K,?,?,?,,?,?,?,?,Nino Kasradze,
Koszmarne podszepty,2026,Garden Party,?,?,?,?,M,,?,,?,,Marie Eve Loyez,
Krwiożercza roślina (wersja reżyserska),1986,Garden Party,M,M,M,?,M,,M,?,?,?,Levi Stubbs,M
Linie pożądania,2025,Garden Party,M,KM,KM,M,,?,KM,?,,?,Ivan Čuić,
Ogród,1990,Garden Party,M,M,?,M,M,,?,?,?,?,Tilda Swinton,K
Owoce rajskich drzew spożywamy,1969,Garden Party,K,K,M,M,M,,?,K,?,?,Jitka Novákova,K
Uroczystość w ogrodzie botanicznym,1969,Garden Party,M,M,M,M,M,,?,?,M,?,Slavoj Urban,
Dagerotypy,1975,Instytucje / Struktury / Wspólnoty,K,K,KM,?,,?,,,,,Lucien Bossy,
Egzamin wstępny,2016,Instytucje / Struktury / Wspólnoty,K,K,K,?,,?,?,,,,,
Izba przyjęć,1988,Instytucje / Struktury / Wspólnoty,M,M,,?,,,K,,,,,
Nasze ciało,2023,Instytucje / Struktury / Wspólnoty,K,K,K,?,?,?,?,,,,,
Nienormalni,1990,Instytucje / Struktury / Wspólnoty,M,M,?,K,,,M,,,,,
Opieka społeczna,1975,Instytucje / Struktury / Wspólnoty,M,M,M,M,,,M,,,,,
Osądzanie na Węgrzech,2013,Instytucje / Struktury / Wspólnoty,K,K,?,M,?,?,,,,,,
Wielka cisza,2005,Instytucje / Struktury / Wspólnoty,M,M,M,M,,,KM,,,,,
Bagno,2001,Tropikalny Gotyk,K,K,M,M,,,K,,?,?,Mercedes Morán,K
Czysta krew,1982,Tropikalny Gotyk,M,?,M,M,,?,M,,K,,Gilberto Forero,
Gąska,2025,Tropikalny Gotyk,K,K,?,?,?,,?,?,?,,Natalia Solián,K
Jak przycinać róże,2026,Tropikalny Gotyk,M,M,K,?,M,,?,?,?,?,Elle Fanning,K
Jaripeo,2026,Tropikalny Gotyk,KM,KM,M,K,?,,K,,,,,
Kamienie szlachetne,2026,Tropikalny Gotyk,?,?,?,?,?,?,?,,,,Juan Lugo,
Pasja według GHB,2026,Tropikalny Gotyk,?,M,?,?,?,,M,,M,,Vinicius Couto,
Pływacy,2026,Tropikalny Gotyk,?,?,?,?,?,?,?,,,,Joaquín Fretes,
Posiadłość Araucaima,1985,Tropikalny Gotyk,M,?,?,KM,?,?,?,,?,,Adriana Herrán,
Śmierć nie ma pana,2026,Tropikalny Gotyk,M,M,M,M,?,?,KM,?,?,,Asia Argento,K
Bez ojca,2011,Retrospektywa: Marie Kreutzer,K,K,K,K,M,,KM,?,?,?,Andreas Kiendl,M
Byliśmy cool,2016,Retrospektywa: Marie Kreutzer,K,K,K,K,?,,M,?,?,?,Vicky Krieps,K
Gruber nas opuszcza,2015,Retrospektywa: Marie Kreutzer,K,?,K,K,?,,KM,?,?,?,Manuel Rubey,
W gorsecie,2022,Retrospektywa: Marie Kreutzer,K,K,K,K,,,KM,?,?,?,Vicky Krieps,K
Ziemia pod nogami,2019,Retrospektywa: Marie Kreutzer,K,K,K,K,?,,M,?,?,?,Valerie Pachner,K
Adopcja,1975,Retrospektywa: Márta Mészáros,K,KM,KM,K,M,,,?,M,?,Kati Berek,
Dziennik dla moich dzieci,1984,Retrospektywa: Márta Mészáros,K,K,M,K,M,,,?,?,,Zsuzsa Czinkóczi,K
Dziennik dla moich ukochanych,1987,Retrospektywa: Márta Mészáros,K,K,M,K,M,,M,?,?,,Zsuzsa Czinkóczi,K
Dziennik dla mojego ojca i matki,1990,Retrospektywa: Márta Mészáros,K,K,M,K,M,,M,?,?,,Zsuzsa Czinkóczi,K
Dziewczyna,1968,Retrospektywa: Márta Mészáros,K,K,M,?,M,,,?,M,?,Kati Kovács,K
Dziewięć miesięcy,1976,Retrospektywa: Márta Mészáros,K,KM,M,K,M,,,?,M,,Lili Monori,
"Nie płaczcie, ślicznotki!",1970,Retrospektywa: Márta Mészáros,K,M,M,?,?,,,,M,,Jaroslava Schallerová,
One dwie,1977,Retrospektywa: Márta Mészáros,K,?,M,K,M,,,?,M,?,Marina Vlady,K
Swobodny oddech,1973,Retrospektywa: Márta Mészáros,K,K,M,?,M,,,?,?,?,Erzsébet Kútvölgyi,
Dorian Gray w zwierciadle prasy brukowej,1984,Retrospektywa: Ulrike Ottinger,K,K,K,K,KM,,K,?,K,?,Veruschka von Lehndorff,K
Freak Orlando,1981,Retrospektywa: Ulrike Ottinger,K,K,K,K,M,K,?,?,,?,Magdalena Montezuma,K
Madame X – absolutna władczyni,1978,Retrospektywa: Ulrike Ottinger,K,K,K,K,M,,KM,?,K,K,Tabea Blumenschein,K
Mongolska Joanna d’Arc,1989,Retrospektywa: Ulrike Ottinger,K,K,K,K,M,,K,?,K,?,Delphine Seyrig,K
Paryskie kaligramy,2020,Retrospektywa: Ulrike Ottinger,K,K,K,K,?,,KM,,?,,Ulrike Ottinger,K
Portret pijaczki,1979,Retrospektywa: Ulrike Ottinger,K,K,K,K,M,,K,K,?,?,Tabea Blumenschein,K
Prater,2007,Retrospektywa: Ulrike Ottinger,K,K,K,K,?,,?,?,K,?,Elfriede Jelinek,K
Zestaw Ulrike Ottinger: Laokoon i synowie + Uwiedzenie niebieskich marynarzy,,Retrospektywa: Ulrike Ottinger,K,?,K,K,,,?,K,K,K,Tabea Blumenschein,K
Freak Show,2026,Retrospektywa: Łukasz Ronduda,?,?,M,K,M,?,?,,,,Nadia Markiewicz,
Lot,2022,Retrospektywa: Łukasz Ronduda,?,?,?,M,?,?,K,,,,,
Performer,2015,Retrospektywa: Łukasz Ronduda,M,M,?,M,M,,M,?,K,?,Oskar Dawicki,M
Rave,2024,Retrospektywa: Łukasz Ronduda,?,?,?,?,?,,?,,?,?,,
Serce miłości,2017,Retrospektywa: Łukasz Ronduda,M,M,M,?,M,,M,?,K,,Justyna Wasilewska,K
Wszystkie nasze strachy,2021,Retrospektywa: Łukasz Ronduda,M,?,M,?,?,,?,?,K,,Dawid Ogrodnik,
Arru,2026,Oslo / Reykjavik,K,KM,K,M,M,?,?,,?,,Anitta Suikkari,
Niezbyt wygórowane oczekiwania,2026,Oslo / Reykjavik,?,?,?,M,KM,,?,?,?,?,Marie Ulven,K
Sny o miłości,2024,Oslo / Reykjavik,M,M,K,M,?,,KM,?,,,Ella Øverbye,
Wartość sentymentalna,2025,Oslo / Reykjavik,M,M,M,M,K,,K,?,?,,Renate Reinsve,
Shortlista zestaw 1,,Shortlista,?,?,?,?,,K,?,?,?,?,Aleksandra Skraba,
Shortlista zestaw 2,,Shortlista,?,?,?,?,,?,?,?,?,?,Aleksandra Pisula,
Shortlista zestaw 3,,Shortlista,?,?,?,?,,?,?,,,,Julian Feleńczak,
Głos Hind Rajab,2025,Sezon,K,K,M,?,,,?,?,?,?,Saja Kilani,K
Harvest,2024,Sezon,K,KM,M,?,,,?,?,M,?,Rosy McEwen,K
Left-Handed Girl,2025,Sezon,?,?,?,M,,,?,,,,Janel Tsai,K
Łobuz,2025,Sezon,M,M,K,?,?,,?,?,?,?,Diane Axford,
Milcząca przyjaciółka,2025,Sezon,K,?,M,M,M,,?,,?,,Tony Leung Chiu-wai,M
Pillion,2025,Sezon,M,?,M,M,M,,?,?,?,,Harry Melling,M
Romería,2025,Sezon,K,K,K,KM,M,,?,K,?,?,Tristán Ulloa,M
Sirât,2025,Sezon,M,M,M,M,M,,?,?,,?,Sergi López,M
Wpatrując się w słońce,2025,Sezon,K,K,M,K,?,,?,?,?,?,Hanna Heckt,K
Zmartwychwstanie,2025,Sezon,M,M,?,M,,K,M,?,,,Jackson Yee,M
Cinema Paradiso,1988,Pokazy na Rynku,M,KM,M,M,M,,?,?,M,,Philippe Noiret,M
Father Mother Sister Brother,2025,Pokazy na Rynku,M,M,M,M,?,,?,K,?,,Tom Waits,M
Labirynt,1986,Pokazy na Rynku,M,?,M,?,M,,?,?,?,,David Bowie,M
"Miłość, która zostaje",2025,Pokazy na Rynku,M,M,M,M,?,,KM,?,?,?,Ingvar Sigurdsson,M
Na fali,1991,Pokazy na Rynku,K,M,M,M,M,,M,,?,,Patrick Swayze,M
Pokolenie,1955,Pokazy na Rynku,M,M,M,M,M,,?,M,?,?,Tadeusz Łomnicki,M
Ścieżki życia,2024,Pokazy na Rynku,K,K,K,KM,?,,?,M,K,,Gillian Anderson,K
Tajemniczy ogród,1993,Pokazy na Rynku,K,K,M,K,M,,M,?,?,,Kate Maberly,K
Donnie Darko,2001,OPT Zamek w Leśnicy,M,M,M,?,?,,KM,?,,,Jake Gyllenhaal,M
Duke of Burgundy. Reguły pożądania,2014,OPT Zamek w Leśnicy,M,M,M,?,KM,,?,?,M,,Sidse Babett Knudsen,K
Monty Python i Święty Graal,1975,OPT Zamek w Leśnicy,M,M,M,?,?,,M,?,?,?,Graham Chapman,M
"Nad rzeką, której nie ma",1991,OPT Zamek w Leśnicy,M,M,M,M,M,,,?,?,?,Marek Bukowski,M
Piknik pod Wiszącą Skałą,1975,OPT Zamek w Leśnicy,M,M,M,?,M,,M,?,,,Rachel Roberts,K
Pożegnania,1958,OPT Zamek w Leśnicy,M,M,M,K,M,?,M,?,?,?,Maria Wachowiak,
Chłopiec na krańcach świata,2025,Młode Horyzonty,?,?,,?,M,,?,,,,,
Góra mocy,2024,Młode Horyzonty,K,KM,?,?,M,,?,,,,Elizabeth Atkinson,
Miss Moxy. Kocia ekipa,2025,Młode Horyzonty,?,?,,,M,,?,,,,,
Niesamowite przygody skarpetek 3. Ale kosmos!,2026,Młode Horyzonty,KM,K,,?,?,,,,,,,
Pucio,2026,Młode Horyzonty,K,?,,?,M,,,,,,,
Vincent. Legenda oceanu,2025,Młode Horyzonty,M,?,,,M,,KM,,,,,
Kino organowe NFM – Furman śmierci,1921,Wydarzenia specjalne,M,KM,M,,,,M,,?,,Victor Sjöström,M
Netflix: 1670 (sezon 3) i otwarcie Panoramy 1670,2026,Wydarzenia specjalne,M,M,M,?,?,,?,?,?,?,Bartłomiej Topa,M
Netflix: Lalka,2026,Wydarzenia specjalne,M,?,M,KM,?,,?,?,?,?,Tomasz Schuchardt,
