osoba,rola,zgadywanie,ile_filmow
Łukasz Ronduda,scenariusz,brak,6
Frederick Wiseman,scenariusz,brak,3
Frederick Wiseman,montaż,brak,3
János Kende,zdjęcia,brak,3
Nyika Jancsó,zdjęcia,chyba K (imię na -a),3
Zoltán Farkas,montaż,brak,3
Zsolt Döme kostiumy Fanny Kemenes scenografia Éva Martin,muzyka,brak,3
Łukasz Gutt,zdjęcia,brak,3
Azusa Yamazaki,montaż,chyba K (imię na -a),2
Cecilie Semec,zdjęcia,brak,2
Dörte Völz,montaż,brak,2
Gareth C. Scales,montaż,brak,2
Gyula Hernádi,scenariusz,chyba K (imię na -a),2
Hlynur Pálmason,scenariusz,brak,2
Hlynur Pálmason,zdjęcia,brak,2
Ivan Marković,zdjęcia,brak,2
Josée Deshaies,zdjęcia,brak,2
Jussi Rautaniemi,montaż,brak,2
Lajos Koltai,zdjęcia,brak,2
Marius Panduru,zdjęcia,brak,2
Nikodem Chabior,montaż,brak,2
Vytautas Katkus,zdjęcia,brak,2
Abdallah Al-Khatib,scenariusz,brak,1
Abed Kobeissy,muzyka,brak,1
Adolf Schlyssleder,montaż,brak,1
Adolpho Veloso,zdjęcia,brak,1
Affonso Gonçalves,montaż,brak,1
Affonso Gonçalves kostiumy Megan Gray,montaż,brak,1
Ahmad Yuniardi,montaż,brak,1
Ahmet Sesigürgil,zdjęcia,brak,1
Akimoto Minori,zdjęcia,brak,1
Al Cook scenografia Lotte Lyon,muzyka,brak,1
Aleksandre Koberidze,scenariusz,brak,1
Aleksandre Koberidze,zdjęcia,brak,1
Aleksandre Koberidze,montaż,brak,1
Alexander Brom,scenariusz,brak,1
Alfonso Olguín,muzyka,brak,1
Alfréd Benčič,montaż,brak,1
Ali Cherri,scenariusz,brak,1
Alicia Angelina,scenariusz,chyba K (imię na -a),1
Amath Niane,zdjęcia,brak,1
Amina Hocine kostiumy Fianna Robijn scenografia Søren Schwartzberg charakteryzacja Clara Bourgeot,muzyka,chyba K (imię na -a),1
Amine Taher,montaż,brak,1
Amir Ahmadi Arian,scenariusz,brak,1
Analía Goethals,scenariusz,chyba K (imię na -a),1
Analía Goethals,montaż,chyba K (imię na -a),1
András Horváth,zdjęcia,brak,1
Andrée Choty,montaż,brak,1
Anette Fleming,montaż,brak,1
Anisha Acharya,montaż,chyba K (imię na -a),1
Anne-Marie Walther,muzyka,brak,1
Annette Beaufaÿs,muzyka,brak,1
Annette Wademant,scenariusz,brak,1
Arash Ashtiani,montaż,brak,1
Arca,muzyka,chyba K (imię na -a),1
Ariadna Ribas Surís,montaż,chyba K (imię na -a),1
Ariel Marx kostiumy Allison Byrne scenografia Jeremy Reed,muzyka,brak,1
Armiliah Aripin,montaż,brak,1
Arnold Schönberg kostiumy Isabel Caellas scenografia Rosa Ros,muzyka,brak,1
Artur-Pol Camprubí,zdjęcia,brak,1
Arturo Ripstein,scenariusz,brak,1
Asghar Farhadi,scenariusz,brak,1
Ashish Patel,montaż,brak,1
Asko Lintunen,muzyka,brak,1
Assetou Koné,montaż,brak,1
Astor Piazzolla kostiumy Christian Gasc charakteryzacja Ronaldo Abreu,muzyka,brak,1
Aurore Vullierme,muzyka,brak,1
Aurélien Marra,zdjęcia,brak,1
Axel Esbensen,zdjęcia,brak,1
Ayda Meryem Çatak,scenariusz,chyba K (imię na -a),1
Ayla Mrabet,scenariusz,chyba K (imię na -a),1
BAASCH kostiumy Dorota Roqueplo scenografia Joanna Macha charakteryzacja Dariusz Krysiak,muzyka,brak,1
Barrie Vince,montaż,brak,1
Barış Aygen,zdjęcia,brak,1
Bassem Fayad,zdjęcia,brak,1
Ben Rivers,zdjęcia,brak,1
Ben Rivers,montaż,brak,1
Ben Rivers (na podstawie sztuki/based on the play The Word for Snow by Don DeLillo),scenariusz,brak,1
Bence Bartos,montaż,brak,1
Bendik Hovik Kjeldsberg kostiumy Abebo Josephine Bø Getachew scenografia Sunniva Rostad charakteryzacja Katarina Fedøy,muzyka,brak,1
Benno Wand scenografia Ulrike Ottinger charakteryzacja Beate Lentsch-Bayerl,muzyka,brak,1
Bernhard Keller,zdjęcia,brak,1
Bertrand Conard scenografia Julián Gómez,montaż,brak,1
Bettina Blickwede,montaż,chyba K (imię na -a),1
Bi Gan,scenariusz,brak,1
Bi Gan,montaż,brak,1
Bibi Tanga,muzyka,brak,1
Blair McClendon,montaż,brak,1
Blasco Giurato,zdjęcia,brak,1
Bohdan Czeszko,scenariusz,brak,1
Carlitos Gómez,muzyka,brak,1
Carly Turner,montaż,brak,1
Casey Asprooth-Jackson,zdjęcia,brak,1
Catalin Cristutiu,montaż,brak,1
Catalina Marín,montaż,chyba K (imię na -a),1
Chad Cannon,muzyka,brak,1
Chang Jhong-yuan,montaż,brak,1
Chantal Durpoix,muzyka,brak,1
Charlie Sarroff,zdjęcia,brak,1
Chen Ko-Chin,zdjęcia,brak,1
Chen Sisi,montaż,brak,1
Chiquita Brook (aka Xavier Arroyuelo),scenariusz,chyba K (imię na -a),1
Chris Roe kostiumy Matthew Price scenografia Christina Moore,muzyka,brak,1
Christiaan Verbeek kostiumy Gülşah Yüksel scenografia Nadide Argun charakteryzacja Kyriaki Melidou,muzyka,brak,1
Christoper LaRose,muzyka,brak,1
Chuko Esiri,scenariusz,brak,1
Cie,muzyka,brak,1
Cliff Green,scenariusz,brak,1
Clint Mansell,muzyka,brak,1
Cobi Migliora,zdjęcia,brak,1
Corinne Le Hong,scenariusz,brak,1
Cosmin Postolache,muzyka,brak,1
Cristian Mungiu,scenariusz,brak,1
Cristóbal Fernández,montaż,brak,1
Cushla Dillon,montaż,chyba K (imię na -a),1
Czesław Raniszewski,montaż,brak,1
Dabney Morris kostiumy Fernando “Fern” Legadoé scenografia Daniel Maughiman,muzyka,brak,1
Dag Johan Haugerud,scenariusz,brak,1
Dane Komljen,scenariusz,brak,1
Dane Komljen,montaż,brak,1
Danielius Kokanauskis,montaż,brak,1
Darya Chernyak,zdjęcia,chyba K (imię na -a),1
Debjit Samanta,zdjęcia,brak,1
Declan Clarke,scenariusz,brak,1
Declan Clarke,montaż,brak,1
Defi Mahendra,scenariusz,brak,1
Derek Jarman,scenariusz,brak,1
Detlef Schitto scenografia Ulrike Ottinger,muzyka,brak,1
Devon Delmar,scenariusz,brak,1
Devon Delmar,montaż,brak,1
Diana Garay,zdjęcia,chyba K (imię na -a),1
Diana Toucedo,montaż,chyba K (imię na -a),1
Die Spezies - Gregor Mörth,muzyka,brak,1
Dimitri Ouedraogo,montaż,brak,1
Ding Ke kostiumy Ka Lo Ng scenografia Ka Lo Ng,muzyka,brak,1
Dodo Šimončič,zdjęcia,brak,1
Dominykas Digimas,muzyka,brak,1
Dorit Chrysler kostiumy Denise Leisentritt scenografia Andrej Rutar,muzyka,brak,1
Doruntina Basha,scenariusz,chyba K (imię na -a),1
Doug Harris,zdjęcia,brak,1
Dr. Patrick C. Hickey,zdjęcia,brak,1
Dörte Völz-Mammarella,montaż,brak,1
Efraín Mojica,scenariusz,brak,1
Efthimis Filippou,scenariusz,brak,1
Ehsan Abdipour,scenariusz,brak,1
Eicca Toppinen kostiumy Tiina Kaukanen scenografia Kari Kankaanpää charakteryzacja Riikka Virtanen,muzyka,chyba K (imię na -a),1
Eike Hosenfeld kostiumy Sabrina Krämer scenografia Cosima Vellenzer charakteryzacja Irina Schwarz,muzyka,brak,1
Eisuke Naitô,scenariusz,brak,1
Eivind Landsvik,scenariusz,brak,1
Elfriede Jelinek,scenariusz,brak,1
Eliane Bründler,muzyka,brak,1
Elias Boughedir,muzyka,brak,1
Elie Wajeman,scenariusz,brak,1
Elo Havetta,scenariusz,brak,1
Emiel Nuninga,montaż,brak,1
Emin Alper,scenariusz,brak,1
Enda Walsh,scenariusz,chyba K (imię na -a),1
Enis Köstepen,scenariusz,brak,1
Ennio Morricone kostiumy Beatrice Bordone scenografia Andrea Crisanti,muzyka,brak,1
Erik Ljunggren,muzyka,brak,1
Ernest Pipó kostiumy Anna Aguilà scenografia Mónica Bernuy charakteryzacja Patricia López,muzyka,brak,1
Ery Claver,zdjęcia,brak,1
Eskil Vogt,scenariusz,brak,1
Estel Román,montaż,brak,1
Evelina Darzenta scenografia Stavros Liokalos charakteryzacja Alexandra Myta,muzyka,chyba K (imię na -a),1
Evgueni Galperine,muzyka,brak,1
Fabian Gamper,zdjęcia,brak,1
Fabricio Mota,zdjęcia,brak,1
Faris Badwan kostiumy Andrea Flesch scenografia Pater Sparrow,muzyka,brak,1
Fatiha Robichet,muzyka,chyba K (imię na -a),1
Fatz Waller kostiumy Hazel Pethig scenografia Roy Fordge Smith charakteryzacja Pam Luke,muzyka,brak,1
Felipe Esparza Pérez,scenariusz,brak,1
Felipe Esparza Pérez,montaż,brak,1
Felipe Guerrero,montaż,brak,1
Felix Pflieger,zdjęcia,brak,1
Ferenc Grunwalsky,scenariusz,brak,1
Filmsaaz,scenariusz,brak,1
Filmsaaz,muzyka,brak,1
Flavia Cordey,montaż,chyba K (imię na -a),1
Flavien Berger kostiumy Becky Akinyode scenografia Meriem Bennani,muzyka,brak,1
Florencia Di Concilio,muzyka,chyba K (imię na -a),1
Florencia Di Concilio scenografia Gaëlle Usandivaras charakteryzacja Laure Giroult,muzyka,chyba K (imię na -a),1
Florencia Gómez García,montaż,chyba K (imię na -a),1
Fouad Gaber,montaż,brak,1
Francis Poulenc kostiumy Tabea Blumenschein,muzyka,brak,1
Frederick Elmes,zdjęcia,brak,1
Frederick Wiseman,zdjęcia,brak,1
Frederikke Hoffmeier,muzyka,brak,1
Fredrik Morheden,montaż,brak,1
Gaspard Gomis,muzyka,brak,1
Gastón Solnicki,scenariusz,brak,1
Gediminas Jakubka,muzyka,brak,1
Geneviève Ackerman,scenariusz,brak,1
Georges Auric kostiumy Georges Annenkov scenografia Jean d'Eaubonne,muzyka,brak,1
Georges Rabol,muzyka,brak,1
Gerardo Guerra,zdjęcia,brak,1
Gergely Pálos,zdjęcia,brak,1
Germán Arrieta,muzyka,brak,1
Gesa Jäger,montaż,chyba K (imię na -a),1
Ghyslain Martin scenografia Jacques Saulnier charakteryzacja Josiane Deschamps,muzyka,brak,1
Gillian L. Hutshing,montaż,brak,1
Gioacchino Rossini,muzyka,brak,1
Gion-Reto Killias,montaż,brak,1
Giorgi Koberidze,muzyka,brak,1
Giorgi Shvelidze,zdjęcia,brak,1
Giorgia Villa,montaż,chyba K (imię na -a),1
Giorgos Georgopoulos,scenariusz,brak,1
Giorgos Georgopoulos,montaż,brak,1
Giorgos Karvelas,zdjęcia,brak,1
Giorgos Valsamis,zdjęcia,brak,1
Gordon Swire,montaż,brak,1
Graham Chapman,scenariusz,brak,1
Gray Kotzé,zdjęcia,brak,1
Greta Zozula,zdjęcia,chyba K (imię na -a),1
Gris Jordana,zdjęcia,brak,1
Gunnar Nimpuno,zdjęcia,brak,1
Gustav Holst scenografia Alex Peña,muzyka,brak,1
György Kovács kostiumy Ildikó Szabó scenografia Tamás Banovich charakteryzacja Adrienne Király,muzyka,brak,1
György Kovács kostiumy Judit Schäffer scenografia Tamás Banovich,muzyka,brak,1
György Kovács kostiumy Zsuzsa Vicze scenografia Tamás Banovich charakteryzacja Attila Ungvári,muzyka,brak,1
György Pálfi,scenariusz,brak,1
Gábor Keresztes scenografia Imola Láng,muzyka,brak,1
Gábor Medvigy,zdjęcia,brak,1
Géraldine Lemaire,muzyka,brak,1
Gústav Geir Bollason,scenariusz,brak,1
Gústav Geir Bollason,zdjęcia,brak,1
Hania Rani kostiumy Ellen Dæhli Ystehede scenografia Josefin Åsberg,muzyka,chyba K (imię na -a),1
Hannes Bruun,montaż,brak,1
Hansjörg Weißbrich,montaż,brak,1
Harris Dickinson,scenariusz,brak,1
Hayedeh Safiyari,montaż,brak,1
Hella Utesch,muzyka,chyba K (imię na -a),1
Henryk Czyż,muzyka,brak,1
Herdís Stefánsdóttir kostiumy Margrét Einarsdóttir scenografia Heimir Sverrisson charakteryzacja Monika Podnajmer,muzyka,brak,1
Hi'Spec scenografia Masato Nunobe,muzyka,brak,1
Hideki Shima,zdjęcia,brak,1
Holly Gent,scenariusz,brak,1
Hong Sang-soo,scenariusz,brak,1
Hong Sang-soo,zdjęcia,brak,1
Hong Sang-soo,montaż,brak,1
Howard Ashman,scenariusz,brak,1
Howard E. Smith,montaż,brak,1
Ignacy Ciszewski,zdjęcia,brak,1
Igor Kaczmarek,montaż,brak,1
Igor Kłaczyński,muzyka,brak,1
Igor Mabano,muzyka,brak,1
Ila von Hasperg,montaż,brak,1
Ilias Kampanis,muzyka,brak,1
Ilka Janka Nagy,montaż,chyba K (imię na -a),1
Inur Ategi kostiumy Ahida Agirre scenografia María Carreté,muzyka,brak,1
Ion de Sosa,zdjęcia,brak,1
Ira Sachs,scenariusz,brak,1
István Szőnyi,zdjęcia,brak,1
Ita Zbroniec-Zajt,zdjęcia,brak,1
Itauana Coquet,scenariusz,chyba K (imię na -a),1
Ivan Marković,scenariusz,brak,1
Ivan Marković,montaż,brak,1
Ivan Ostrochovský,scenariusz,brak,1
Jafar Panahi,scenariusz,brak,1
Jafar Panahi,montaż,brak,1
Jamal Solomon,zdjęcia,brak,1
Janis Mazuch,zdjęcia,brak,1
Jaroslav Kučera,zdjęcia,brak,1
Jean-Baptiste de Laubier kostiumy Céline Sciamma scenografia Lionel Brison charakteryzacja Marie Luiset,muzyka,brak,1
Jean-Christophe Hym,montaż,brak,1
Jed Kurzel kostiumy Zohie Castellano scenografia Bethany Ryan charakteryzacja Gavin Turnbull,muzyka,brak,1
Jenny Lou Ziegel,zdjęcia,brak,1
Jerónimo Pérez Rioja,montaż,brak,1
Jim Crace,scenariusz,brak,1
Jim Jarmusch,scenariusz,brak,1
Jim Jarmusch kostiumy Catherine George scenografia Marco Bittner Rosser,muzyka,brak,1
Jingsong Dong,zdjęcia,brak,1
Jirapat Mekkrajai,montaż,brak,1
Jjippupmop Qihuo,scenariusz,brak,1
Joelle Alexis,montaż,brak,1
Jofre Marilia Moraes,montaż,brak,1
Johan Fasting,scenariusz,brak,1
Johan Stromberger kostiumy Art for Art-Wien,muzyka,brak,1
Johann Abraham,muzyka,brak,1
Jojo Shek,montaż,brak,1
Josef Krajbich,montaż,brak,1
Josh Madoff kostiumy Juan de Dios Ramírez,muzyka,brak,1
Joslyn Barnes,scenariusz,brak,1
Josué Eber Morales,zdjęcia,brak,1
Jozef Ciller scenografia Vladimir Popovic charakteryzacja Michal Jurkovič,muzyka,brak,1
João Jabace,muzyka,brak,1
João Marcos de Almeida scenografia Gustavo Vinagre,muzyka,brak,1
Julian Lautenbacher,scenariusz,brak,1
Julian Lautenbacher,zdjęcia,brak,1
Julius Jaenzon scenografia Alexander Bakó,zdjęcia,brak,1
Julius Krebs Damsbo,montaż,brak,1
Julius Krebs Damsbo scenografia Frosti Fridriksson,montaż,brak,1
Juraj Chlpík,zdjęcia,brak,1
János Baksa Soós,muzyka,brak,1
János Varga,zdjęcia,brak,1
Jérémie Dubois,scenariusz,brak,1
József Balázs,scenariusz,brak,1
Jørgen Stangebye Larsen,muzyka,brak,1
Kamy Lara,montaż,brak,1
Kangding Ray kostiumy Nadia Acimi charakteryzacja Zaira Eva Adén,muzyka,brak,1
Kao Tzu-Hao,zdjęcia,brak,1
Kaouther Ben Hania kostiumy Khadjia Zeggai scenografia Bassem Marzouk charakteryzacja Marie Fischer,montaż,brak,1
Karoline Strobl,muzyka,brak,1
Karolos Berahas kostiumy Anna Zotou,muzyka,brak,1
Kaspar Kaae kostiumy Kirsi Gum scenografia Marius Winje Brustad charakteryzacja Live Becker Knudsen,muzyka,brak,1
Kasper Tuxen,zdjęcia,brak,1
Kate McCullough,zdjęcia,brak,1
Keiran Goddard,scenariusz,brak,1
Kelsey Lu kostiumy Eniola Dawodu scenografia Hanrui Wang,muzyka,brak,1
Kendra McLaughlin,montaż,chyba K (imię na -a),1
Kettil Kasang,scenariusz,brak,1
Keïta Janota,muzyka,chyba K (imię na -a),1
Klemens Koscher,zdjęcia,brak,1
Kornel Kowalski,muzyka,brak,1
Korosh Bozorgpour scenografia Iraj Raminfar charakteryzacja Parmis Zand,muzyka,brak,1
Kristiane Church,zdjęcia,brak,1
Kristján Loðmfjörð,montaż,brak,1
Kristóf Kelemen,muzyka,brak,1
Kyrre Kvam kostiumy Monika Buttinger scenografia Martin Reiter charakteryzacja Sam Dopona,muzyka,brak,1
Károly Bari,scenariusz,brak,1
Károly Frenreisz,muzyka,brak,1
Károly Szalai,montaż,brak,1
Laetitia Masson,scenariusz,chyba K (imię na -a),1
Laia Torrents Carulla (Cabonsanroque),muzyka,chyba K (imię na -a),1
Lance Edmands,montaż,brak,1
Lance Hammer,scenariusz,brak,1
Lance Hammer,montaż,brak,1
Laurențiu Răducanu,zdjęcia,brak,1
Laurynas Bareiša kostiumy Morta Jonynaite scenografia Lisanne Fransen,montaż,brak,1
Lech Janerka,muzyka,brak,1
Lee Chatametikool,montaż,brak,1
Lee Norris,muzyka,brak,1
Leif Randt,scenariusz,brak,1
Leo Bittencourt,zdjęcia,brak,1
Leo Zhang,zdjęcia,brak,1
Levan Uchaneishvili,montaż,brak,1
Levente Szörényi,muzyka,brak,1
Levente Szörényi kostiumy Géza Hiling scenografia Tilda Gáti charakteryzacja Adrienne Király,muzyka,brak,1
Levente Szörényi kostiumy Piroska Katona scenografia Tamás Banovich charakteryzacja György Ivanicza,muzyka,brak,1
Lhithxamop Itgop,scenariusz,brak,1
Lhithxamop Itsi,scenariusz,brak,1
Liberman Arango,zdjęcia,brak,1
Licia Eminenti,scenariusz,chyba K (imię na -a),1
Lisandro Alonso,scenariusz,brak,1
Loli Moriconi,montaż,brak,1
Lubomir Grzelak,muzyka,brak,1
Lubor Dohnal,scenariusz,brak,1
Lucas A. Vignale,scenariusz,brak,1
Lucas A. Vignale,montaż,brak,1
Lucas Harari,scenariusz,brak,1
Lucjan Kaszycki,muzyka,brak,1
Lynn True,montaż,brak,1
László Tolcsvay scenografia Tamás Banovich,muzyka,brak,1
Léo Chermont,muzyka,brak,1
Léo Richard,montaż,brak,1
Mabeye Deme,zdjęcia,brak,1
Maciej Sobieszczański,scenariusz,brak,1
Madalena Palmeirim charakteryzacja Sara Pereira,muzyka,chyba K (imię na -a),1
Madeleine Gug,montaż,brak,1
Mahamat-Saleh Haroun,scenariusz,brak,1
Mahmoud Kalari,zdjęcia,brak,1
Maike Heinlein,muzyka,brak,1
Malika Zouhali-Worrall,montaż,chyba K (imię na -a),1
Manel Almiñana,montaż,brak,1
Manesh Madhavan,zdjęcia,brak,1
Mangalath Praveen kostiumy Leena Thushara scenografia Dileep Daz,montaż,brak,1
Marilena Orfanou kostiumy Vassilia Rozana scenografia Elena Vardava charakteryzacja Alexandra Myta,muzyka,chyba K (imię na -a),1
Marisa Menta,montaż,chyba K (imię na -a),1
Marton Radics,muzyka,brak,1
Marvin Miller kostiumy Christian Röhrs scenografia Zazie Knepper charakteryzacja Nica Faas,muzyka,brak,1
Masato Suzuki,muzyka,brak,1
Matheus da Rocha Pereira,zdjęcia,brak,1
Mathias Bouffier,scenariusz,brak,1
Mathias Bouffier,montaż,brak,1
Mathxiemop Atnyop,scenariusz,brak,1
Matt Henley,zdjęcia,brak,1
Matyas Fekete,montaż,brak,1
Maureen Verspille,scenariusz,brak,1
Maurice Ravel,muzyka,brak,1
Mauricio Reyes,zdjęcia,brak,1
Mauricio Zacharias,scenariusz,brak,1
Mauro Herce,zdjęcia,brak,1
Max Lemon,montaż,brak,1
Max Ophüls,scenariusz,brak,1
Max Reichmann kostiumy Renate Wangenheim,scenariusz,brak,1
Max Rieger kostiumy Belle Santos scenografia Lena Müller,muzyka,brak,1
Maxwell Sterling kostiumy Darion Hing scenografia Luke Moran-Morris,muzyka,brak,1
Med Hondo,scenariusz,brak,1
Micaela Pimentel,muzyka,chyba K (imię na -a),1
Michał Czarnecki,montaż,brak,1
Michał Leszczyłowski,montaż,brak,1
Michał Oleszczyk,scenariusz,brak,1
Michał Pukowiec,zdjęcia,brak,1
Midnight Oil,muzyka,brak,1
Mieczysław Jahoda,zdjęcia,brak,1
Mikhail Khursevich,zdjęcia,brak,1
Mikhaila Alyssa Smith,muzyka,chyba K (imię na -a),1
Miklós Orszáczky,muzyka,brak,1
Mikołaj Stroiński,muzyka,brak,1
Miles Goodman kostiumy Marit Allen scenografia Roy Walker charakteryzacja Paul Engelen,muzyka,brak,1
Miles Ross,muzyka,brak,1
Ming Xue,zdjęcia,brak,1
Minh Quý Truong,scenariusz,brak,1
Minh Quý Truong,montaż,brak,1
Minka Jakerson,zdjęcia,chyba K (imię na -a),1
Mircea Olteanu,montaż,chyba K (imię na -a),1
Miroslav Hájek,montaż,brak,1
Mohanad Yaqubi,scenariusz,brak,1
Murilo Salles,scenariusz,brak,1
Myriam Guyenard,zdjęcia,brak,1
Myrthe Mosterman,zdjęcia,brak,1
Nakhane,muzyka,brak,1
Nantu Studio,muzyka,brak,1
Natia Sartania kostiumy Tinatin Kvinikadze scenografia Salome Skhirtladze charakteryzacja Salome Zakaraia,muzyka,chyba K (imię na -a),1
Natie Cortez,muzyka,brak,1
Negin Khazaee,zdjęcia,brak,1
Nick Athens,muzyka,brak,1
Nick Fenton,montaż,brak,1
Nick Morris,zdjęcia,brak,1
Nico Aguilar,zdjęcia,brak,1
Nico Leunen,montaż,brak,1
Nico Leunen kostiumy Kirsty Halliday scenografia Nathan Parker charakteryzacja Anita Brolly,montaż,brak,1
Nils Croné,zdjęcia,brak,1
Ninon Liotet,montaż,brak,1
Nishant Ramteke,muzyka,brak,1
Nodar Nozadze,montaż,brak,1
Nodar Nozadze,muzyka,brak,1
Noé Bach,zdjęcia,brak,1
Nurith Aviv,zdjęcia,brak,1
Ollie Downey,zdjęcia,brak,1
Oniria,muzyka,chyba K (imię na -a),1
Orelha Negra,muzyka,chyba K (imię na -a),1
Paco Rodríguez H.,muzyka,brak,1
Patryk Roman,zdjęcia,brak,1
Pau Esteve Birba,zdjęcia,brak,1
Paulo Carneiro,scenariusz,brak,1
Paulo Flores,muzyka,brak,1
Paulo Gatabase,scenariusz,brak,1
Paulo Menezes,zdjęcia,brak,1
Paweł Demirski,scenariusz,brak,1
Paweł Flis,zdjęcia,brak,1
Paweł Juzwuk,muzyka,brak,1
Paweł Maślona,scenariusz,brak,1
Peer Raben,muzyka,brak,1
Peer Raben kostiumy Tabea Blumenschein scenografia Detlef Pleschke charakteryzacja Detlef Pleschke,muzyka,brak,1
Pia Dumont kostiumy Katharina Forcher,montaż,brak,1
Piasek & Wójcik,montaż,brak,1
Pietari Peltola,zdjęcia,brak,1
Przemek Chruścielewski,montaż,brak,1
Przemysław Chruścielewski,montaż,brak,1
Przemysław Chruścielewski,montaż,brak,1
Pôl Seif,scenariusz,brak,1
Pôl Seif,zdjęcia,brak,1
Qutaiba Barhamji,montaż,chyba K (imię na -a),1
Radu Jude,scenariusz,brak,1
Rafał Listopad,montaż,brak,1
Rafał Skarżycki,scenariusz,brak,1
Rakan Mayasi,scenariusz,brak,1
Rami Agami,zdjęcia,brak,1
Rami El Nihawi,montaż,brak,1
Rami Nihawi,scenariusz,brak,1
Raynor Winn,scenariusz,brak,1
Rein Kotov,zdjęcia,brak,1
Reynaldo Hahn,muzyka,brak,1
Reza Memari,scenariusz,chyba K (imię na -a),1
Rhayne Vermette scenografia Janelle Tougas,muzyka,brak,1
Rick King,scenariusz,brak,1
Rui Poças,zdjęcia,brak,1
Ryûsuke Hamaguchi,scenariusz,brak,1
Sacha Galperine,muzyka,chyba K (imię na -a),1
Saeed Farhadi,scenariusz,brak,1
Salar Ardestani,zdjęcia,brak,1
Saleh Kashefi,zdjęcia,brak,1
Saleh Kashefi,montaż,brak,1
Sam Bauer,montaż,brak,1
Sandor Mester,muzyka,brak,1
Sayombhu Mukdeeprom,zdjęcia,brak,1
Selma Lagerlöf,scenariusz,chyba K (imię na -a),1
Serafin Spitzer,zdjęcia,brak,1
Shaandiin Tome,zdjęcia,brak,1
Shadmehr Rastin,scenariusz,brak,1
Sheila Thomas,muzyka,chyba K (imię na -a),1
Shô Miyake,scenariusz,brak,1
Siegfried Aé,muzyka,brak,1
Simon Fisher-Turner kostiumy Annie Symons scenografia Derek Brown,muzyka,brak,1
Simon Köcher,zdjęcia,brak,1
Simon Tindall,zdjęcia,brak,1
Sky Hopinka,scenariusz,brak,1
Sky Hopinka,montaż,brak,1
Sohn Koo-Yong,scenariusz,brak,1
Sohn Koo-Yong,zdjęcia,brak,1
Sohn Koo-Yong,montaż,brak,1
Space Dukes,muzyka,brak,1
Stanisław Czycz,scenariusz,brak,1
Stanisław Dygat,scenariusz,brak,1
Stanley Cortez,zdjęcia,brak,1
Stanley Myers,muzyka,brak,1
Stavros Evangelou,muzyka,brak,1
Stavros Mitropoulos,muzyka,brak,1
Sten Sheripov kostiumy Simon Matchabeli scenografia Simon Matchabeli charakteryzacja Madonna Chanturia,muzyka,brak,1
Stephan Bechinger,montaż,brak,1
Steve Binetti,muzyka,brak,1
Steve Willaert,muzyka,brak,1
Stillz,scenariusz,brak,1
Stillz,zdjęcia,brak,1
Szabolcs Szõke,muzyka,brak,1
Taki Yasuda,montaż,brak,1
Talal Khoury,zdjęcia,brak,1
Talena Sanders,zdjęcia,chyba K (imię na -a),1
Tamar-kali,muzyka,brak,1
Tamás Somló,zdjęcia,brak,1
Tao Gu,montaż,brak,1
Tara Nome Doyle kostiumy Doris Bartelt scenografia Olivier Meidinger charakteryzacja Anette Keiser,muzyka,chyba K (imię na -a),1
Ted Regklis,muzyka,brak,1
Telmo Churro,montaż,brak,1
Tham Kattiyakul,montaż,brak,1
Theophile Gay-Mazas,montaż,brak,1
Timm Kröger,muzyka,brak,1
Tom Furniss,scenariusz,brak,1
Tom Harari,zdjęcia,brak,1
Tony Pierce-Roberts,zdjęcia,brak,1
Toty Sa’med,muzyka,brak,1
Trevor Jones,muzyka,brak,1
Troy Kingi,muzyka,brak,1
Tsai Ming-liang,scenariusz,brak,1
Tsai Ming-liang,zdjęcia,brak,1
Tudor D. Popescu,montaż,brak,1
Tudor Vladimir Panduru,zdjęcia,brak,1
Tymoteusz Papior,muzyka,brak,1
Tyson Perkins,zdjęcia,brak,1
Valentin Hadjadj kostiumy Isabel Van Renterghem scenografia Eve Martin,muzyka,brak,1
Valentyn Vasyanovych,scenariusz,brak,1
Valentyn Vasyanovych,zdjęcia,brak,1
Valentyn Vasyanovych,montaż,brak,1
Vanesa Garnica,scenariusz,chyba K (imię na -a),1
Vanna Paoli,scenariusz,chyba K (imię na -a),1
Vasilis Chontos,muzyka,brak,1
Viktor Csaba Németh,zdjęcia,brak,1
Violeta García,muzyka,chyba K (imię na -a),1
Visar Morina,scenariusz,brak,1
Vytautas Katkus,scenariusz,brak,1
W. Peter Iliff,scenariusz,brak,1
Wahid Ajmi,scenariusz,brak,1
Wilhelm D. Siebert,muzyka,brak,1
Wilhelm Dieter Siebert kostiumy Gisela Storch scenografia Ulrike Ottinger charakteryzacja Berthold Sack,muzyka,brak,1
Witold Lutosławski scenografia Charles-Antoine Turcot,muzyka,brak,1
Woon Lam Tong,zdjęcia,brak,1
Wregas Bhanuteja,scenariusz,brak,1
Xenia Patricia,zdjęcia,chyba K (imię na -a),1
Xiao Xiao,zdjęcia,brak,1
Yasuyuki Sasaki,zdjęcia,brak,1
Yau Cheong Leung,zdjęcia,brak,1
Yennu Ariendra kostiumy Fadillah Putri Yunidar charakteryzacja Jerry Octavianus,muzyka,brak,1
Yibrán Asuad,montaż,brak,1
Yonkey,muzyka,brak,1
Yorgos Lamprinos,montaż,brak,1
Yorgos Zafeiris,montaż,brak,1
Yorick Le Saux,zdjęcia,brak,1
Youcef Tobni,montaż,brak,1
Yuval Barazani,muzyka,brak,1
Yûta Tsukinaga,zdjęcia,chyba K (imię na -a),1
Zdeněk Liška kostiumy Ester Krumbachová scenografia Vladimír Labský charakteryzacja Josef Lojik,muzyka,brak,1
Zorán Sztevanovity,muzyka,brak,1
Zuza Kernbach,zdjęcia,chyba K (imię na -a),1
archival footage,zdjęcia,brak,1
based on a story by Dennis Lee and Jim Henson,scenariusz,brak,1
found footage,zdjęcia,brak,1
Özcan Vardar,montaż,brak,1
İlker Çatak,scenariusz,brak,1
